No.,Exon / Intron,Chrom,Start,End,Start Phase,End Phase,Length,Sequence
,5' upstream sequence,12,,,,,,..........ctgcggccgcccggccccgaactcatcggtgtgctcggagctcgattttc
1,ENSE00001189804,12,25250929,25250751,-,-,179,CTAGGCGGCGGCCGCGGCGGCGGAGGCAGCAGCGGCGGCGGCAGTGGCGGCGGCGAAGGTGGCGGCGGCTCGGCCAGTACTCCCGGCCCCCGCCATTTCGGACTGGGAGCGAGCGCGGCGCAGGCACTGAAGGCGGCGGCGGGGCCAGAGGCTCAGCGGCTCCCAGGTGCGGGAGAGAG
 ,Intron 1-2,12,25250750,25245396,,,5355,gtacggagcggaccacccctcctgg..........acattttcattatttttattataag
2,ENSE00000936617,12,25245395,25245274,-,0,122,GCCTGCTGAAAATGACTGAATATAAACTTGTGGTAGTTGGAGCTGGTGGCGTAGGCAAGAGTGCCTTGACGATACAGCTAATTCAGAATCATTTTGTGGACGAATATGATCCAACAATAGAG
 ,Intron 2-3,12,25245273,25227413,,,17861,gtaaatcttgttttaatatgcatat..........ccagactgtgtttctcccttctcag
3,ENSE00001719809,12,25227412,25227234,0,2,179,GATTCCTACAGGAAGCAAGTAGTAATTGATGGAGAAACCTGTCTCTTGGATATTCTCGACACAGCAGGTCAAGAGGAGTACAGTGCAATGAGGGACCAGTACATGAGGACTGGGGAGGGCTTTCTTTGTGTATTTGCCATAAATAATACTAAATCATTTGAAGATATTCACCATTATAG
 ,Intron 3-4,12,25227233,25225774,,,1460,gtgggtttaaattgaatataataag..........gctataacttttttttctttcccag
4,ENSE00001644818,12,25225773,25225614,2,0,160,AGAACAAATTAAAAGAGTTAAGGACTCTGAAGATGTACCTATGGTCCTAGTAGGAAATAAATGTGATTTGCCTTCTAGAACAGTAGACACAAAACAGGCTCAGGACTTAGCAAGAAGTTATGGAATTCCTTTTATTGAAACATCAGCAAAGACAAGACAG
 ,Intron 4-5,12,25225613,25215561,,,10053,gtaagtaacactgaaataaatacag..........aaagaagttgtgttttacaatgcag
5,ENSE00001189807,12,25215560,25215437,0,-,124,AGAGTGGAGGATGCTTTTTATACATTGGTGAGAGAGATCCGACAATACAGATTGAAAAAAATCAGCAAAGAAGAAAAGACTCCTGGCTGTGTGAAAATTAAAAAATGCATTATAATGTAATCTG
 ,Intron 5-6,12,25215436,25209912,,,5525,gtaagtttaagttcagcacattaat..........ttttaatactttttatgtatttcag
6,ENSE00002477035,12,25209911,25205246,-,-,4666,GGTGTTGATGATGCCTTCTATACATTAGTTCGAGAAATTCGAAAACATAAAGAAAAGATGAGCAAAGATGGTAAAAAGAAGAAAAAGAAGTCAAAGACAAAGTGTGTAATTATGTAAATACAATTTGTACTTTTTTCTTAAGGCATACTAGTACAAGTGGTAATTTTTGTACATTACACTAAATTATTAGCATTTGTTTTAGCATTACCTAATTTTTTTCCTGCTCCATGCAGACTGTTAGCTTTTACCTTAAATGCTTATTTTAAAATGACAGTGGAAGTTTTTTTTTCCTCTAAGTGCCAGTATTCCCAGAGTTTTGGTTTTTGAACTAGCAATGCCTGTGAAAAAGAAACTGAATACCTAAGATTTCTGTCTTGGGGCTTTTGGTGCATGCAGTTGATTACTTCTTATTTTTCTTACCAATTGTGAATGTTGGTGTGAAACAAATTAATGAAGCTTTTGAATCATCCCTATTCTGTGTTTTATCTAGTCACATAAATGGATTAATTACTAATTTCAGTTGAGACCTTCTAATTGGTTTTTACTGAAACATTGAGGGAACACAAATTTATGGGCTTCCTGATGATGATTCTTCTAGGCATCATGTCCTATAGTTTGTCATCCCTGATGAATGTAAAGTTACACTGTTCACAAAGGTTTTGTCTCCTTTCCACTGCTATTAGTCATGGTCACTCTCCCCAAAATATTATATTTTTTCTATAAAAAGAAAAAAATGGAAAAAAATTACAAGGCAATGGAAACTATTATAAGGCCATTTCCTTTTCACATTAGATAAATTACTATAAAGACTCCTAATAGCTTTTCCTGTTAAGGCAGACCCAGTATGAAATGGGGATTATTATAGCAACCATTTTGGGGCTATATTTACATGCTACTAAATTTTTATAATAATTGAAAAGATTTTAACAAGTATAAAAAATTCTCATAGGAATTAAATGTAGTCTCCCTGTGTCAGACTGCTCTTTCATAGTATAACTTTAAATCTTTTCTTCAACTTGAGTCTTTGAAGATAGTTTTAATTCTGCTTGTGACATTAAAAGATTATTTGGGCCAGTTATAGCTTATTAGGTGTTGAAGAGACCAAGGTTGCAAGGCCAGGCCCTGTGTGAACCTTTGAGCTTTCATAGAGAGTTTCACAGCATGGACTGTGTCCCCACGGTCATCCAGTGTTGTCATGCATTGGTTAGTCAAAATGGGGAGGGACTAGGGCAGTTTGGATAGCTCAACAAGATACAATCTCACTCTGTGGTGGTCCTGCTGACAAATCAAGAGCATTGCTTTTGTTTCTTAAGAAAACAAACTCTTTTTTAAAAATTACTTTTAAATATTAACTCAAAAGTTGAGATTTTGGGGTGGTGGTGTGCCAAGACATTAATTTTTTTTTTAAACAATGAAGTGAAAAAGTTTTACAATCTCTAGGTTTGGCTAGTTCTCTTAACACTGGTTAAATTAACATTGCATAAACACTTTTCAAGTCTGATCCATATTTAATAATGCTTTAAAATAAAAATAAAAACAATCCTTTTGATAAATTTAAAATGTTACTTATTTTAAAATAAATGAAGTGAGATGGCATGGTGAGGTGAAAGTATCACTGGACTAGGAAGAAGGTGACTTAGGTTCTAGATAGGTGTCTTTTAGGACTCTGATTTTGAGGACATCACTTACTATCCATTTCTTCATGTTAAAAGAAGTCATCTCAAACTCTTAGTTTTTTTTTTTTACAACTATGTAATTTATATTCCATTTACATAAGGATACACTTATTTGTCAAGCTCAGCACAATCTGTAAATTTTTAACCTATGTTACACCATCTTCAGTGCCAGTCTTGGGCAAAATTGTGCAAGAGGTGAAGTTTATATTTGAATATCCATTCTCGTTTTAGGACTCTTCTTCCATATTAGTGTCATCTTGCCTCCCTACCTTCCACATGCCCCATGACTTGATGCAGTTTTAATACTTGTAATTCCCCTAACCATAAGATTTACTGCTGCTGTGGATATCTCCATGAAGTTTTCCCACTGAGTCACATCAGAAATGCCCTACATCTTATTTCCTCAGGGCTCAAGAGAATCTGACAGATACCATAAAGGGATTTGACCTAATCACTAATTTTCAGGTGGTGGCTGATGCTTTGAACATCTCTTTGCTGCCCAATCCATTAGCGACAGTAGGATTTTTCAAACCTGGTATGAATAGACAGAACCCTATCCAGTGGAAGGAGAATTTAATAAAGATAGTGCTGAAAGAATTCCTTAGGTAATCTATAACTAGGACTACTCCTGGTAACAGTAATACATTCCATTGTTTTAGTAACCAGAAATCTTCATGCAATGAAAAATACTTTAATTCATGAAGCTTACTTTTTTTTTTTGGTGTCAGAGTCTCGCTCTTGTCACCCAGGCTGGAATGCAGTGGCGCCATCTCAGCTCACTGCAACCTCCATCTCCCAGGTTCAAGCGATTCTCGTGCCTCGGCCTCCTGAGTAGCTGGGATTACAGGCGTGTGCCACTACACTCAACTAATTTTTGTATTTTTAGGAGAGACGGGGTTTCACCCTGTTGGCCAGGCTGGTCTCGAACTCCTGACCTCAAGTGATTCACCCACCTTGGCCTCATAAACCTGTTTTGCAGAACTCATTTATTCAGCAAATATTTATTGAGTGCCTACCAGATGCCAGTCACCACACAAGGCACTGGGTATATGGTATCCCCAAACAAGAGACATAATCCCGGTCCTTAGGTAGTGCTAGTGTGGTCTGTAATATCTTACTAAGGCCTTTGGTATACGACCCAGAGATAACACGATGCGTATTTTAGTTTTGCAAAGAAGGGGTTTGGTCTCTGTGCCAGCTCTATAATTGTTTTGCTACGATTCCACTGAAACTCTTCGATCAAGCTACTTTATGTAAATCACTTCATTGTTTTAAAGGAATAAACTTGATTATATTGTTTTTTTATTTGGCATAACTGTGATTCTTTTAGGACAATTACTGTACACATTAAGGTGTATGTCAGATATTCATATTGACCCAAATGTGTAATATTCCAGTTTTCTCTGCATAAGTAATTAAAATATACTTAAAAATTAATAGTTTTATCTGGGTACAAATAAACAGGTGCCTGAACTAGTTCACAGACAAGGAAACTTCTATGTAAAAATCACTATGATTTCTGAATTGCTATGTGAAACTACAGATCTTTGGAACACTGTTTAGGTAGGGTGTTAAGACTTACACAGTACCTCGTTTCTACACAGAGAAAGAAATGGCCATACTTCAGGAACTGCAGTGCTTATGAGGGGATATTTAGGCCTCTTGAATTTTTGATGTAGATGGGCATTTTTTTAAGGTAGTGGTTAATTACCTTTATGTGAACTTTGAATGGTTTAACAAAAGATTTGTTTTTGTAGAGATTTTAAAGGGGGAGAATTCTAGAAATAAATGTTACCTAATTATTACAGCCTTAAAGACAAAAATCCTTGTTGAAGTTTTTTTAAAAAAAGCTAAATTACATAGACTTAGGCATTAACATGTTTGTGGAAGAATATAGCAGACGTATATTGTATCATTTGAGTGAATGTTCCCAAGTAGGCATTCTAGGCTCTATTTAACTGAGTCACACTGCATAGGAATTTAGAACCTAACTTTTATAGGTTATCAAAACTGTTGTCACCATTGCACAATTTTGTCCTAATATATACATAGAAACTTTGTGGGGCATGTTAAGTTACAGTTTGCACAAGTTCATCTCATTTGTATTCCATTGATTTTTTTTTTCTTCTAAACATTTTTTCTTCAAACAGTATATAACTTTTTTTAGGGGATTTTTTTTTAGACAGCAAAAACTATCTGAAGATTTCCATTTGTCAAAAAGTAATGATTTCTTGATAATTGTGTAGTAATGTTTTTTAGAACCCAGCAGTTACCTTAAAGCTGAATTTATATTTAGTAACTTCTGTGTTAATACTGGATAGCATGAATTCTGCATTGAGAAACTGAATAGCTGTCATAAAATGAAACTTTCTTTCTAAAGAAAGATACTCACATGAGTTCTTGAAGAATAGTCATAACTAGATTAAGATCTGTGTTTTAGTTTAATAGTTTGAAGTGCCTGTTTGGGATAATGATAGGTAATTTAGATGAATTTAGGGGAAAAAAAAGTTATCTGCAGATATGTTGAGGGCCCATCTCTCCCCCCACACCCCCACAGAGCTAACTGGGTTACAGTGTTTTATCCGAAAGTTTCCAATTCCACTGTCTTGTGTTTTCATGTTGAAAATACTTTTGCATTTTTCCTTTGAGTGCCAATTTCTTACTAGTACTATTTCTTAATGTAACATGTTTACCTGGAATGTATTTTAACTATTTTTGTATAGTGTAAACTGAAACATGCACATTTTGTACATTGTGCTTTCTTTTGTGGGACATATGCAGTGTGATCCAGTTGTTTTCCATCATTTGGTTGCGCTGACCTAGGAATGTTGGTCATATCAAACATTAAAAATGACCACTCTTTTAATTGAAATTAACTTTTAAATGTTTATAGGAGTATGTGCTGTGAAGTGATCTAAAATTTGTAATATTTTTGTCATGAACTGTACTACTCCTAATTATTGTAATGTAATAAAAATAGTTACAGTGAC
,3' downstream sequence,12,,,,,,tatgagtgtgtatttattcatgaaatttgaactgtttgccccgaaatgga..........